ftx,1INCH/USD
ftx,AAPL/USD
ftx,AAVE/USD
ftx,AAVE/USDT
ftx,ABNB/USD
ftx,ACB/USD
ftx,AKRO/USD
ftx,AKRO/USDT
ftx,ALPHA/USD
ftx,AMC/USD
ftx,AMD/USD
ftx,AMPL/USD
ftx,AMPL/USDT
ftx,AMZN/USD
ftx,APHA/USD
ftx,ARKK/USD
ftx,AUD/USD
ftx,AUDIO/USD
ftx,AUDIO/USDT
ftx,BABA/USD
ftx,BADGER/USD
ftx,BAL/USD
ftx,BAL/USDT
ftx,BAND/USD
ftx,BAO/USD
ftx,BAT/USD
ftx,BB/USD
ftx,BCH/BTC
ftx,BCH/USD
ftx,BCH/USDT
ftx,BILI/USD
ftx,BITW/USD
ftx,BNB/BTC
ftx,BNB/USD
ftx,BNB/USDT
ftx,BNT/USD
ftx,BNTX/USD
ftx,BRZ/USD
ftx,BRZ/USDT
ftx,BTC/AUD
ftx,BTC/BRZ
ftx,BTC/EUR
ftx,BTC/TRYB
ftx,BTC/USD
ftx,BTC/USDT
ftx,BTMX/USD
ftx,BYND/USD
ftx,CAD/USD
ftx,CBSE/USD
ftx,CEL/USD
ftx,CGC/USD
ftx,CHZ/USD
ftx,CHZ/USDT
ftx,COMP/USD
ftx,COMP/USDT
ftx,CREAM/USD
ftx,CREAM/USDT
ftx,CRO/USD
ftx,CRON/USD
ftx,CRV/USD
ftx,CUSDT/USD
ftx,CUSDT/USDT
ftx,DAI/USD
ftx,DAI/USDT
ftx,DENT/USD
ftx,DMG/USD
ftx,DMG/USDT
ftx,DOGE/BTC
ftx,DOGE/USD
ftx,DOGE/USDT
ftx,ENJ/USD
ftx,ETH/AUD
ftx,ETH/BTC
ftx,ETH/EUR
ftx,ETH/USD
ftx,ETH/USDT
ftx,ETHE/USD
ftx,EUR/USD
ftx,FB/USD
ftx,FIDA/USD
ftx,FIDA/USDT
ftx,FRONT/USD
ftx,FRONT/USDT
ftx,FTM/USD
ftx,FTT/BTC
ftx,FTT/USD
ftx,FTT/USDT
ftx,GBP/USD
ftx,GBTC/USD
ftx,GDX/USD
ftx,GDXJ/USD
ftx,GLD/USD
ftx,GLXY/USD
ftx,GME/USD
ftx,GOOGL/USD
ftx,GRT/USD
ftx,HGET/USD
ftx,HGET/USDT
ftx,HNT/USD
ftx,HNT/USDT
ftx,HOLY/USD
ftx,HT/USD
ftx,HXRO/USD
ftx,HXRO/USDT
ftx,JST/USD
ftx,KIN/USD
ftx,KNC/USD
ftx,KNC/USDT
ftx,LEO/USD
ftx,LINA/USD
ftx,LINK/BTC
ftx,LINK/USD
ftx,LINK/USDT
ftx,LRC/USD
ftx,LTC/BTC
ftx,LTC/USD
ftx,LTC/USDT
ftx,LUA/USD
ftx,LUA/USDT
ftx,MAPS/USD
ftx,MAPS/USDT
ftx,MATH/USD
ftx,MATH/USDT
ftx,MATIC/USD
ftx,MKR/USD
ftx,MKR/USDT
ftx,MOB/USD
ftx,MOB/USDT
ftx,MRNA/USD
ftx,MSTR/USD
ftx,MTA/USD
ftx,MTA/USDT
ftx,NFLX/USD
ftx,NIO/USD
ftx,NOK/USD
ftx,NPXS/USD
ftx,NVDA/USD
ftx,OKB/USD
ftx,OMG/USD
ftx,OXY/USD
ftx,OXY/USDT
ftx,PAXG/USD
ftx,PAXG/USDT
ftx,PENN/USD
ftx,PERP/USD
ftx,PFE/USD
ftx,PYPL/USD
ftx,RAY/USD
ftx,REEF/USD
ftx,REN/USD
ftx,ROOK/USD
ftx,ROOK/USDT
ftx,RSR/USD
ftx,RUNE/USD
ftx,RUNE/USDT
ftx,SAND/USD
ftx,SECO/USD
ftx,SGD/USD
ftx,SLV/USD
ftx,SNX/USD
ftx,SOL/BTC
ftx,SOL/USD
ftx,SOL/USDT
ftx,SPY/USD
ftx,SQ/USD
ftx,SRM/USD
ftx,SRM/USDT
ftx,SUN/USD
ftx,SUSHI/BTC
ftx,SUSHI/USD
ftx,SUSHI/USDT
ftx,SXP/USD
ftx,SXP/USDT
ftx,TLRY/USD
ftx,TOMO/USD
ftx,TOMO/USDT
ftx,TRU/USD
ftx,TRU/USDT
ftx,TRX/USD
ftx,TRX/USDT
ftx,TRYB/USD
ftx,TSLA/BTC
ftx,TSLA/DOGE
ftx,TSLA/USD
ftx,TSM/USD
ftx,TWTR/USD
ftx,UBER/USD
ftx,UBXT/USD
ftx,UBXT/USDT
ftx,UNI/BTC
ftx,UNI/USD
ftx,UNI/USDT
ftx,USDT/USD
ftx,USO/USD
ftx,WAVES/USD
ftx,WBTC/USD
ftx,WRX/USD
ftx,WRX/USDT
ftx,XAUT/USD
ftx,XAUT/USDT
ftx,XRP/BTC
ftx,XRP/USD
ftx,XRP/USDT
ftx,YFI/BTC
ftx,YFI/USD
ftx,YFI/USDT
ftx,YFII/USD
ftx,ZM/USD
ftx,ZRX/USD
ftx,ADABEAR/USD
ftx,ADABULL/USD
ftx,ADAHALF/USD
ftx,ADAHEDGE/USD
ftx,ALGOBEAR/USD
ftx,ALGOBULL/USD
ftx,ALGOHALF/USD
ftx,ALGOHEDGE/USD
ftx,ALTBEAR/USD
ftx,ALTBULL/USD
ftx,ALTHALF/USD
ftx,ALTHEDGE/USD
ftx,ATOMBEAR/USD
ftx,ATOMBULL/USD
ftx,ATOMHALF/USD
ftx,ATOMHEDGE/USD
ftx,BALBEAR/USD
ftx,BALBEAR/USDT
ftx,BALBULL/USD
ftx,BALBULL/USDT
ftx,BALHALF/USD
ftx,BALHEDGE/USD
ftx,BCHBEAR/USD
ftx,BCHBEAR/USDT
ftx,BCHBULL/USD
ftx,BCHBULL/USDT
ftx,BCHHALF/USD
ftx,BCHHEDGE/USD
ftx,BEAR/USD
ftx,BEAR/USDT
ftx,BEARSHIT/USD
ftx,BNBBEAR/USD
ftx,BNBBEAR/USDT
ftx,BNBBULL/USD
ftx,BNBBULL/USDT
ftx,BNBHALF/USD
ftx,BNBHEDGE/USD
ftx,BSVBEAR/USD
ftx,BSVBEAR/USDT
ftx,BSVBULL/USD
ftx,BSVBULL/USDT
ftx,BSVHALF/USD
ftx,BSVHEDGE/USD
ftx,BTMXBEAR/USD
ftx,BTMXBEAR/USDT
ftx,BTMXBULL/USD
ftx,BTMXBULL/USDT
ftx,BTMXHALF/USD
ftx,BTMXHEDGE/USD
ftx,BULL/USD
ftx,BULL/USDT
ftx,BULLSHIT/USD
ftx,BVOL/BTC
ftx,BVOL/USD
ftx,BVOL/USDT
ftx,COMPBEAR/USD
ftx,COMPBEAR/USDT
ftx,COMPBULL/USD
ftx,COMPBULL/USDT
ftx,COMPHALF/USD
ftx,COMPHEDGE/USD
ftx,CUSDTBEAR/USD
ftx,CUSDTBEAR/USDT
ftx,CUSDTBULL/USD
ftx,CUSDTBULL/USDT
ftx,CUSDTHALF/USD
ftx,CUSDTHEDGE/USD
ftx,DEFIBEAR/USD
ftx,DEFIBEAR/USDT
ftx,DEFIBULL/USD
ftx,DEFIBULL/USDT
ftx,DEFIHALF/USD
ftx,DEFIHEDGE/USD
ftx,DOGEBEAR/USD
ftx,DOGEBULL/USD
ftx,DOGEHALF/USD
ftx,DOGEHEDGE/USD
ftx,DRGNBEAR/USD
ftx,DRGNBULL/USD
ftx,DRGNHALF/USD
ftx,DRGNHEDGE/USD
ftx,EOSBEAR/USD
ftx,EOSBEAR/USDT
ftx,EOSBULL/USD
ftx,EOSBULL/USDT
ftx,EOSHALF/USD
ftx,EOSHEDGE/USD
ftx,ETCBEAR/USD
ftx,ETCBULL/USD
ftx,ETCHALF/USD
ftx,ETCHEDGE/USD
ftx,ETHBEAR/USD
ftx,ETHBEAR/USDT
ftx,ETHBULL/USD
ftx,ETHBULL/USDT
ftx,ETHHALF/USD
ftx,ETHHEDGE/USD
ftx,EXCHBEAR/USD
ftx,EXCHBULL/USD
ftx,EXCHHALF/USD
ftx,EXCHHEDGE/USD
ftx,GRTBEAR/USD
ftx,GRTBULL/USD
ftx,HALF/USD
ftx,HALFSHIT/USD
ftx,HEDGE/USD
ftx,HEDGESHIT/USD
ftx,HTBEAR/USD
ftx,HTBULL/USD
ftx,HTHALF/USD
ftx,HTHEDGE/USD
ftx,IBVOL/BTC
ftx,IBVOL/USD
ftx,IBVOL/USDT
ftx,KNCBEAR/USD
ftx,KNCBEAR/USDT
ftx,KNCBULL/USD
ftx,KNCBULL/USDT
ftx,KNCHALF/USD
ftx,KNCHEDGE/USD
ftx,LEOBEAR/USD
ftx,LEOBULL/USD
ftx,LEOHALF/USD
ftx,LEOHEDGE/USD
ftx,LINKBEAR/USD
ftx,LINKBEAR/USDT
ftx,LINKBULL/USD
ftx,LINKBULL/USDT
ftx,LINKHALF/USD
ftx,LINKHEDGE/USD
ftx,LTCBEAR/USD
ftx,LTCBEAR/USDT
ftx,LTCBULL/USD
ftx,LTCBULL/USDT
ftx,LTCHALF/USD
ftx,LTCHEDGE/USD
ftx,MATICBEAR/USD
ftx,MATICBULL/USD
ftx,MATICHALF/USD
ftx,MATICHEDGE/USD
ftx,MIDBEAR/USD
ftx,MIDBULL/USD
ftx,MIDHALF/USD
ftx,MIDHEDGE/USD
ftx,MKRBEAR/USD
ftx,MKRBULL/USD
ftx,OKBBEAR/USD
ftx,OKBBULL/USD
ftx,OKBHALF/USD
ftx,OKBHEDGE/USD
ftx,PAXGBEAR/USD
ftx,PAXGBULL/USD
ftx,PAXGHALF/USD
ftx,PAXGHEDGE/USD
ftx,PRIVBEAR/USD
ftx,PRIVBULL/USD
ftx,PRIVHALF/USD
ftx,PRIVHEDGE/USD
ftx,SUSHIBEAR/USD
ftx,SUSHIBULL/USD
ftx,SXPBEAR/USD
ftx,SXPBULL/USD
ftx,SXPHALF/USD
ftx,SXPHALF/USDT
ftx,SXPHEDGE/USD
ftx,THETABEAR/USD
ftx,THETABULL/USD
ftx,THETAHALF/USD
ftx,THETAHEDGE/USD
ftx,TOMOBEAR/USD
ftx,TOMOBULL/USD
ftx,TOMOHALF/USD
ftx,TOMOHEDGE/USD
ftx,TRXBEAR/USD
ftx,TRXBULL/USD
ftx,TRXHALF/USD
ftx,TRXHEDGE/USD
ftx,TRYBBEAR/USD
ftx,TRYBBULL/USD
ftx,TRYBHALF/USD
ftx,TRYBHEDGE/USD
ftx,UNISWAPBEAR/USD
ftx,UNISWAPBULL/USD
ftx,USDTBEAR/USD
ftx,USDTBULL/USD
ftx,USDTHALF/USD
ftx,USDTHEDGE/USD
ftx,VETBEAR/USD
ftx,VETBEAR/USDT
ftx,VETBULL/USD
ftx,VETBULL/USDT
ftx,VETHEDGE/USD
ftx,XAUTBEAR/USD
ftx,XAUTBULL/USD
ftx,XAUTHALF/USD
ftx,XAUTHEDGE/USD
ftx,XLMBEAR/USD
ftx,XLMBULL/USD
ftx,XRPBEAR/USD
ftx,XRPBEAR/USDT
ftx,XRPBULL/USD
ftx,XRPBULL/USDT
ftx,XRPHALF/USD
ftx,XRPHEDGE/USD
ftx,XTZBEAR/USD
ftx,XTZBEAR/USDT
ftx,XTZBULL/USD
ftx,XTZBULL/USDT
ftx,XTZHALF/USD
ftx,XTZHEDGE/USD
ftx,ZECBEAR/USD
ftx,ZECBULL/USD
coinbase-pro,CRV-GBP
coinbase-pro,STORJ-USD
coinbase-pro,NMR-BTC
coinbase-pro,SUSHI-ETH
coinbase-pro,SKL-EUR
coinbase-pro,COMP-USD
coinbase-pro,FIL-EUR
coinbase-pro,ETC-USD
coinbase-pro,BCH-GBP
coinbase-pro,SKL-BTC
coinbase-pro,ZEC-USDC
coinbase-pro,CRV-USD
coinbase-pro,MATIC-EUR
coinbase-pro,FIL-USD
coinbase-pro,XTZ-BTC
coinbase-pro,LTC-BTC
coinbase-pro,CGLD-GBP
coinbase-pro,GRT-USD
coinbase-pro,ETH-GBP
coinbase-pro,XLM-EUR
coinbase-pro,BAL-USD
coinbase-pro,SKL-USD
coinbase-pro,ALGO-BTC
coinbase-pro,ADA-EUR
coinbase-pro,ANKR-EUR
coinbase-pro,LINK-EUR
coinbase-pro,LINK-ETH
coinbase-pro,UNI-USD
coinbase-pro,UMA-BTC
coinbase-pro,WBTC-BTC
coinbase-pro,BTC-EUR
coinbase-pro,ETH-EUR
coinbase-pro,OMG-EUR
coinbase-pro,ALGO-USD
coinbase-pro,BNT-EUR
coinbase-pro,SNX-GBP
coinbase-pro,CRV-EUR
coinbase-pro,MKR-USD
coinbase-pro,LINK-GBP
coinbase-pro,ETC-BTC
coinbase-pro,LOOM-USDC
coinbase-pro,BTC-USDC
coinbase-pro,REP-BTC
coinbase-pro,SNX-USD
coinbase-pro,BTC-GBP
coinbase-pro,BAND-GBP
coinbase-pro,NU-USD
coinbase-pro,KNC-USD
coinbase-pro,ATOM-BTC
coinbase-pro,ETH-BTC
coinbase-pro,NMR-EUR
coinbase-pro,EOS-EUR
coinbase-pro,ANKR-BTC
coinbase-pro,ZEC-BTC
coinbase-pro,BAND-EUR
coinbase-pro,BAT-USDC
coinbase-pro,LTC-GBP
coinbase-pro,LTC-USD
coinbase-pro,XTZ-GBP
coinbase-pro,AAVE-BTC
coinbase-pro,ETC-GBP
coinbase-pro,MATIC-USD
coinbase-pro,BAL-BTC
coinbase-pro,CGLD-USD
coinbase-pro,OMG-GBP
coinbase-pro,SNX-BTC
coinbase-pro,BAT-ETH
coinbase-pro,EOS-USD
coinbase-pro,DASH-USD
coinbase-pro,SUSHI-GBP
coinbase-pro,COMP-BTC
coinbase-pro,BTC-USD
coinbase-pro,SKL-GBP
coinbase-pro,BAND-USD
coinbase-pro,STORJ-BTC
coinbase-pro,CGLD-BTC
coinbase-pro,GRT-BTC
coinbase-pro,NMR-USD
coinbase-pro,FIL-GBP
coinbase-pro,NU-GBP
coinbase-pro,SUSHI-BTC
coinbase-pro,AAVE-EUR
coinbase-pro,UMA-GBP
coinbase-pro,CVC-USDC
coinbase-pro,YFI-USD
coinbase-pro,ANKR-GBP
coinbase-pro,AAVE-GBP
coinbase-pro,MATIC-GBP
coinbase-pro,ZRX-USD
coinbase-pro,SUSHI-EUR
coinbase-pro,XLM-BTC
coinbase-pro,OMG-USD
coinbase-pro,DASH-BTC
coinbase-pro,ETH-DAI
coinbase-pro,ANKR-USD
coinbase-pro,ZRX-BTC
coinbase-pro,BNT-BTC
coinbase-pro,GRT-EUR
coinbase-pro,MANA-USDC
coinbase-pro,YFI-BTC
coinbase-pro,NU-BTC
coinbase-pro,BCH-BTC
coinbase-pro,WBTC-USD
coinbase-pro,DAI-USD
coinbase-pro,MATIC-BTC
coinbase-pro,OXT-USD
coinbase-pro,REP-USD
coinbase-pro,ADA-USD
coinbase-pro,UMA-EUR
coinbase-pro,DNT-USDC
coinbase-pro,MKR-BTC
coinbase-pro,NU-EUR
coinbase-pro,CRV-BTC
coinbase-pro,UMA-USD
coinbase-pro,SUSHI-USD
coinbase-pro,ETH-USD
coinbase-pro,OMG-BTC
coinbase-pro,LINK-USD
coinbase-pro,REN-BTC
coinbase-pro,ALGO-GBP
coinbase-pro,NMR-GBP
coinbase-pro,LRC-BTC
coinbase-pro,CGLD-EUR
coinbase-pro,ADA-GBP
coinbase-pro,EOS-BTC
coinbase-pro,XTZ-USD
coinbase-pro,KNC-BTC
coinbase-pro,ATOM-USD
coinbase-pro,AAVE-USD
coinbase-pro,BCH-USD
coinbase-pro,REN-USD
coinbase-pro,LTC-EUR
coinbase-pro,GRT-GBP
coinbase-pro,ETC-EUR
coinbase-pro,BNT-USD
coinbase-pro,UNI-BTC
coinbase-pro,ZRX-EUR
coinbase-pro,DAI-USDC
coinbase-pro,ALGO-EUR
coinbase-pro,ZEC-USD
coinbase-pro,ADA-BTC
coinbase-pro,LRC-USD
coinbase-pro,GNT-USDC
coinbase-pro,BAND-BTC
coinbase-pro,BCH-EUR
coinbase-pro,SNX-EUR
coinbase-pro,LINK-BTC
coinbase-pro,ETH-USDC
coinbase-pro,XLM-USD
coinbase-pro,XTZ-EUR
coinbase-pro,FIL-BTC
coinbase-pro,BNT-GBP
binance,ETHBTC
binance,LTCBTC
binance,BNBBTC
binance,NEOBTC
binance,QTUMETH
binance,EOSETH
binance,SNTETH
binance,BNTETH
binance,BCCBTC
binance,GASBTC
binance,BNBETH
binance,BTCUSDT
binance,ETHUSDT
binance,HSRBTC
binance,OAXETH
binance,DNTETH
binance,MCOETH
binance,ICNETH
binance,MCOBTC
binance,WTCBTC
binance,WTCETH
binance,LRCBTC
binance,LRCETH
binance,QTUMBTC
binance,YOYOBTC
binance,OMGBTC
binance,OMGETH
binance,ZRXBTC
binance,ZRXETH
binance,STRATBTC
binance,STRATETH
binance,SNGLSBTC
binance,SNGLSETH
binance,BQXBTC
binance,BQXETH
binance,KNCBTC
binance,KNCETH
binance,FUNBTC
binance,FUNETH
binance,SNMBTC
binance,SNMETH
binance,NEOETH
binance,IOTABTC
binance,IOTAETH
binance,LINKBTC
binance,LINKETH
binance,XVGBTC
binance,XVGETH
binance,SALTBTC
binance,SALTETH
binance,MDABTC
binance,MDAETH
binance,MTLBTC
binance,MTLETH
binance,SUBBTC
binance,SUBETH
binance,EOSBTC
binance,SNTBTC
binance,ETCETH
binance,ETCBTC
binance,MTHBTC
binance,MTHETH
binance,ENGBTC
binance,ENGETH
binance,DNTBTC
binance,ZECBTC
binance,ZECETH
binance,BNTBTC
binance,ASTBTC
binance,ASTETH
binance,DASHBTC
binance,DASHETH
binance,OAXBTC
binance,ICNBTC
binance,BTGBTC
binance,BTGETH
binance,EVXBTC
binance,EVXETH
binance,REQBTC
binance,REQETH
binance,VIBBTC
binance,VIBETH
binance,HSRETH
binance,TRXBTC
binance,TRXETH
binance,POWRBTC
binance,POWRETH
binance,ARKBTC
binance,ARKETH
binance,YOYOETH
binance,XRPBTC
binance,XRPETH
binance,MODBTC
binance,MODETH
binance,ENJBTC
binance,ENJETH
binance,STORJBTC
binance,STORJETH
binance,BNBUSDT
binance,VENBNB
binance,YOYOBNB
binance,POWRBNB
binance,VENBTC
binance,VENETH
binance,KMDBTC
binance,KMDETH
binance,NULSBNB
binance,RCNBTC
binance,RCNETH
binance,RCNBNB
binance,NULSBTC
binance,NULSETH
binance,RDNBTC
binance,RDNETH
binance,RDNBNB
binance,XMRBTC
binance,XMRETH
binance,DLTBNB
binance,WTCBNB
binance,DLTBTC
binance,DLTETH
binance,AMBBTC
binance,AMBETH
binance,AMBBNB
binance,BCCETH
binance,BCCUSDT
binance,BCCBNB
binance,BATBTC
binance,BATETH
binance,BATBNB
binance,BCPTBTC
binance,BCPTETH
binance,BCPTBNB
binance,ARNBTC
binance,ARNETH
binance,GVTBTC
binance,GVTETH
binance,CDTBTC
binance,CDTETH
binance,GXSBTC
binance,GXSETH
binance,NEOUSDT
binance,NEOBNB
binance,POEBTC
binance,POEETH
binance,QSPBTC
binance,QSPETH
binance,QSPBNB
binance,BTSBTC
binance,BTSETH
binance,BTSBNB
binance,XZCBTC
binance,XZCETH
binance,XZCBNB
binance,LSKBTC
binance,LSKETH
binance,LSKBNB
binance,TNTBTC
binance,TNTETH
binance,FUELBTC
binance,FUELETH
binance,MANABTC
binance,MANAETH
binance,BCDBTC
binance,BCDETH
binance,DGDBTC
binance,DGDETH
binance,IOTABNB
binance,ADXBTC
binance,ADXETH
binance,ADXBNB
binance,ADABTC
binance,ADAETH
binance,PPTBTC
binance,PPTETH
binance,CMTBTC
binance,CMTETH
binance,CMTBNB
binance,XLMBTC
binance,XLMETH
binance,XLMBNB
binance,CNDBTC
binance,CNDETH
binance,CNDBNB
binance,LENDBTC
binance,LENDETH
binance,WABIBTC
binance,WABIETH
binance,WABIBNB
binance,LTCETH
binance,LTCUSDT
binance,LTCBNB
binance,TNBBTC
binance,TNBETH
binance,WAVESBTC
binance,WAVESETH
binance,WAVESBNB
binance,GTOBTC
binance,GTOETH
binance,GTOBNB
binance,ICXBTC
binance,ICXETH
binance,ICXBNB
binance,OSTBTC
binance,OSTETH
binance,OSTBNB
binance,ELFBTC
binance,ELFETH
binance,AIONBTC
binance,AIONETH
binance,AIONBNB
binance,NEBLBTC
binance,NEBLETH
binance,NEBLBNB
binance,BRDBTC
binance,BRDETH
binance,BRDBNB
binance,MCOBNB
binance,EDOBTC
binance,EDOETH
binance,WINGSBTC
binance,WINGSETH
binance,NAVBTC
binance,NAVETH
binance,NAVBNB
binance,LUNBTC
binance,LUNETH
binance,TRIGBTC
binance,TRIGETH
binance,TRIGBNB
binance,APPCBTC
binance,APPCETH
binance,APPCBNB
binance,VIBEBTC
binance,VIBEETH
binance,RLCBTC
binance,RLCETH
binance,RLCBNB
binance,INSBTC
binance,INSETH
binance,PIVXBTC
binance,PIVXETH
binance,PIVXBNB
binance,IOSTBTC
binance,IOSTETH
binance,CHATBTC
binance,CHATETH
binance,STEEMBTC
binance,STEEMETH
binance,STEEMBNB
binance,NANOBTC
binance,NANOETH
binance,NANOBNB
binance,VIABTC
binance,VIAETH
binance,VIABNB
binance,BLZBTC
binance,BLZETH
binance,BLZBNB
binance,AEBTC
binance,AEETH
binance,AEBNB
binance,RPXBTC
binance,RPXETH
binance,RPXBNB
binance,NCASHBTC
binance,NCASHETH
binance,NCASHBNB
binance,POABTC
binance,POAETH
binance,POABNB
binance,ZILBTC
binance,ZILETH
binance,ZILBNB
binance,ONTBTC
binance,ONTETH
binance,ONTBNB
binance,STORMBTC
binance,STORMETH
binance,STORMBNB
binance,QTUMBNB
binance,QTUMUSDT
binance,XEMBTC
binance,XEMETH
binance,XEMBNB
binance,WANBTC
binance,WANETH
binance,WANBNB
binance,WPRBTC
binance,WPRETH
binance,QLCBTC
binance,QLCETH
binance,SYSBTC
binance,SYSETH
binance,SYSBNB
binance,QLCBNB
binance,GRSBTC
binance,GRSETH
binance,ADAUSDT
binance,ADABNB
binance,CLOAKBTC
binance,CLOAKETH
binance,GNTBTC
binance,GNTETH
binance,GNTBNB
binance,LOOMBTC
binance,LOOMETH
binance,LOOMBNB
binance,XRPUSDT
binance,BCNBTC
binance,BCNETH
binance,BCNBNB
binance,REPBTC
binance,REPETH
binance,REPBNB
binance,BTCTUSD
binance,TUSDBTC
binance,ETHTUSD
binance,TUSDETH
binance,TUSDBNB
binance,ZENBTC
binance,ZENETH
binance,ZENBNB
binance,SKYBTC
binance,SKYETH
binance,SKYBNB
binance,EOSUSDT
binance,EOSBNB
binance,CVCBTC
binance,CVCETH
binance,CVCBNB
binance,THETABTC
binance,THETAETH
binance,THETABNB
binance,XRPBNB
binance,TUSDUSDT
binance,IOTAUSDT
binance,XLMUSDT
binance,IOTXBTC
binance,IOTXETH
binance,QKCBTC
binance,QKCETH
binance,AGIBTC
binance,AGIETH
binance,AGIBNB
binance,NXSBTC
binance,NXSETH
binance,NXSBNB
binance,ENJBNB
binance,DATABTC
binance,DATAETH
binance,ONTUSDT
binance,TRXBNB
binance,TRXUSDT
binance,ETCUSDT
binance,ETCBNB
binance,ICXUSDT
binance,SCBTC
binance,SCETH
binance,SCBNB
binance,NPXSBTC
binance,NPXSETH
binance,VENUSDT
binance,KEYBTC
binance,KEYETH
binance,NASBTC
binance,NASETH
binance,NASBNB
binance,MFTBTC
binance,MFTETH
binance,MFTBNB
binance,DENTBTC
binance,DENTETH
binance,ARDRBTC
binance,ARDRETH
binance,ARDRBNB
binance,NULSUSDT
binance,HOTBTC
binance,HOTETH
binance,VETBTC
binance,VETETH
binance,VETUSDT
binance,VETBNB
binance,DOCKBTC
binance,DOCKETH
binance,POLYBTC
binance,POLYBNB
binance,PHXBTC
binance,PHXETH
binance,PHXBNB
binance,HCBTC
binance,HCETH
binance,GOBTC
binance,GOBNB
binance,PAXBTC
binance,PAXBNB
binance,PAXUSDT
binance,PAXETH
binance,RVNBTC
binance,RVNBNB
binance,DCRBTC
binance,DCRBNB
binance,USDCBNB
binance,MITHBTC
binance,MITHBNB
binance,BCHABCBTC
binance,BCHSVBTC
binance,BCHABCUSDT
binance,BCHSVUSDT
binance,BNBPAX
binance,BTCPAX
binance,ETHPAX
binance,XRPPAX
binance,EOSPAX
binance,XLMPAX
binance,RENBTC
binance,RENBNB
binance,BNBTUSD
binance,XRPTUSD
binance,EOSTUSD
binance,XLMTUSD
binance,BNBUSDC
binance,BTCUSDC
binance,ETHUSDC
binance,XRPUSDC
binance,EOSUSDC
binance,XLMUSDC
binance,USDCUSDT
binance,ADATUSD
binance,TRXTUSD
binance,NEOTUSD
binance,TRXXRP
binance,XZCXRP
binance,PAXTUSD
binance,USDCTUSD
binance,USDCPAX
binance,LINKUSDT
binance,LINKTUSD
binance,LINKPAX
binance,LINKUSDC
binance,WAVESUSDT
binance,WAVESTUSD
binance,WAVESPAX
binance,WAVESUSDC
binance,BCHABCTUSD
binance,BCHABCPAX
binance,BCHABCUSDC
binance,BCHSVTUSD
binance,BCHSVPAX
binance,BCHSVUSDC
binance,LTCTUSD
binance,LTCPAX
binance,LTCUSDC
binance,TRXPAX
binance,TRXUSDC
binance,BTTBTC
binance,BTTBNB
binance,BTTUSDT
binance,BNBUSDS
binance,BTCUSDS
binance,USDSUSDT
binance,USDSPAX
binance,USDSTUSD
binance,USDSUSDC
binance,BTTPAX
binance,BTTTUSD
binance,BTTUSDC
binance,ONGBNB
binance,ONGBTC
binance,ONGUSDT
binance,HOTBNB
binance,HOTUSDT
binance,ZILUSDT
binance,ZRXBNB
binance,ZRXUSDT
binance,FETBNB
binance,FETBTC
binance,FETUSDT
binance,BATUSDT
binance,XMRBNB
binance,XMRUSDT
binance,ZECBNB
binance,ZECUSDT
binance,ZECPAX
binance,ZECTUSD
binance,ZECUSDC
binance,IOSTBNB
binance,IOSTUSDT
binance,CELRBNB
binance,CELRBTC
binance,CELRUSDT
binance,ADAPAX
binance,ADAUSDC
binance,NEOPAX
binance,NEOUSDC
binance,DASHBNB
binance,DASHUSDT
binance,NANOUSDT
binance,OMGBNB
binance,OMGUSDT
binance,THETAUSDT
binance,ENJUSDT
binance,MITHUSDT
binance,MATICBNB
binance,MATICBTC
binance,MATICUSDT
binance,ATOMBNB
binance,ATOMBTC
binance,ATOMUSDT
binance,ATOMUSDC
binance,ATOMPAX
binance,ATOMTUSD
binance,ETCUSDC
binance,ETCPAX
binance,ETCTUSD
binance,BATUSDC
binance,BATPAX
binance,BATTUSD
binance,PHBBNB
binance,PHBBTC
binance,PHBUSDC
binance,PHBTUSD
binance,PHBPAX
binance,TFUELBNB
binance,TFUELBTC
binance,TFUELUSDT
binance,TFUELUSDC
binance,TFUELTUSD
binance,TFUELPAX
binance,ONEBNB
binance,ONEBTC
binance,ONEUSDT
binance,ONETUSD
binance,ONEPAX
binance,ONEUSDC
binance,FTMBNB
binance,FTMBTC
binance,FTMUSDT
binance,FTMTUSD
binance,FTMPAX
binance,FTMUSDC
binance,BTCBBTC
binance,BCPTTUSD
binance,BCPTPAX
binance,BCPTUSDC
binance,ALGOBNB
binance,ALGOBTC
binance,ALGOUSDT
binance,ALGOTUSD
binance,ALGOPAX
binance,ALGOUSDC
binance,USDSBUSDT
binance,USDSBUSDS
binance,GTOUSDT
binance,GTOPAX
binance,GTOTUSD
binance,GTOUSDC
binance,ERDBNB
binance,ERDBTC
binance,ERDUSDT
binance,ERDPAX
binance,ERDUSDC
binance,DOGEBNB
binance,DOGEBTC
binance,DOGEUSDT
binance,DOGEPAX
binance,DOGEUSDC
binance,DUSKBNB
binance,DUSKBTC
binance,DUSKUSDT
binance,DUSKUSDC
binance,DUSKPAX
binance,BGBPUSDC
binance,ANKRBNB
binance,ANKRBTC
binance,ANKRUSDT
binance,ANKRTUSD
binance,ANKRPAX
binance,ANKRUSDC
binance,ONTPAX
binance,ONTUSDC
binance,WINBNB
binance,WINBTC
binance,WINUSDT
binance,WINUSDC
binance,COSBNB
binance,COSBTC
binance,COSUSDT
binance,TUSDBTUSD
binance,NPXSUSDT
binance,NPXSUSDC
binance,COCOSBNB
binance,COCOSBTC
binance,COCOSUSDT
binance,MTLUSDT
binance,TOMOBNB
binance,TOMOBTC
binance,TOMOUSDT
binance,TOMOUSDC
binance,PERLBNB
binance,PERLBTC
binance,PERLUSDC
binance,PERLUSDT
binance,DENTUSDT
binance,MFTUSDT
binance,KEYUSDT
binance,STORMUSDT
binance,DOCKUSDT
binance,WANUSDT
binance,FUNUSDT
binance,CVCUSDT
binance,BTTTRX
binance,WINTRX
binance,CHZBNB
binance,CHZBTC
binance,CHZUSDT
binance,BANDBNB
binance,BANDBTC
binance,BANDUSDT
binance,BNBBUSD
binance,BTCBUSD
binance,BUSDUSDT
binance,BEAMBNB
binance,BEAMBTC
binance,BEAMUSDT
binance,XTZBNB
binance,XTZBTC
binance,XTZUSDT
binance,RENUSDT
binance,RVNUSDT
binance,HCUSDT
binance,HBARBNB
binance,HBARBTC
binance,HBARUSDT
binance,NKNBNB
binance,NKNBTC
binance,NKNUSDT
binance,XRPBUSD
binance,ETHBUSD
binance,BCHABCBUSD
binance,LTCBUSD
binance,LINKBUSD
binance,ETCBUSD
binance,STXBNB
binance,STXBTC
binance,STXUSDT
binance,KAVABNB
binance,KAVABTC
binance,KAVAUSDT
binance,BUSDNGN
binance,BNBNGN
binance,BTCNGN
binance,ARPABNB
binance,ARPABTC
binance,ARPAUSDT
binance,TRXBUSD
binance,EOSBUSD
binance,IOTXUSDT
binance,RLCUSDT
binance,MCOUSDT
binance,XLMBUSD
binance,ADABUSD
binance,CTXCBNB
binance,CTXCBTC
binance,CTXCUSDT
binance,BCHBNB
binance,BCHBTC
binance,BCHUSDT
binance,BCHUSDC
binance,BCHTUSD
binance,BCHPAX
binance,BCHBUSD
binance,BTCRUB
binance,ETHRUB
binance,XRPRUB
binance,BNBRUB
binance,TROYBNB
binance,TROYBTC
binance,TROYUSDT
binance,BUSDRUB
binance,QTUMBUSD
binance,VETBUSD
binance,VITEBNB
binance,VITEBTC
binance,VITEUSDT
binance,FTTBNB
binance,FTTBTC
binance,FTTUSDT
binance,BTCTRY
binance,BNBTRY
binance,BUSDTRY
binance,ETHTRY
binance,XRPTRY
binance,USDTTRY
binance,USDTRUB
binance,BTCEUR
binance,ETHEUR
binance,BNBEUR
binance,XRPEUR
binance,EURBUSD
binance,EURUSDT
binance,OGNBNB
binance,OGNBTC
binance,OGNUSDT
binance,DREPBNB
binance,DREPBTC
binance,DREPUSDT
binance,BULLUSDT
binance,BULLBUSD
binance,BEARUSDT
binance,BEARBUSD
binance,ETHBULLUSDT
binance,ETHBULLBUSD
binance,ETHBEARUSDT
binance,ETHBEARBUSD
binance,TCTBNB
binance,TCTBTC
binance,TCTUSDT
binance,WRXBNB
binance,WRXBTC
binance,WRXUSDT
binance,ICXBUSD
binance,BTSUSDT
binance,BTSBUSD
binance,LSKUSDT
binance,BNTUSDT
binance,BNTBUSD
binance,LTOBNB
binance,LTOBTC
binance,LTOUSDT
binance,ATOMBUSD
binance,DASHBUSD
binance,NEOBUSD
binance,WAVESBUSD
binance,XTZBUSD
binance,EOSBULLUSDT
binance,EOSBULLBUSD
binance,EOSBEARUSDT
binance,EOSBEARBUSD
binance,XRPBULLUSDT
binance,XRPBULLBUSD
binance,XRPBEARUSDT
binance,XRPBEARBUSD
binance,BATBUSD
binance,ENJBUSD
binance,NANOBUSD
binance,ONTBUSD
binance,RVNBUSD
binance,STRATBUSD
binance,STRATBNB
binance,STRATUSDT
binance,AIONBUSD
binance,AIONUSDT
binance,MBLBNB
binance,MBLBTC
binance,MBLUSDT
binance,COTIBNB
binance,COTIBTC
binance,COTIUSDT
binance,ALGOBUSD
binance,BTTBUSD
binance,TOMOBUSD
binance,XMRBUSD
binance,ZECBUSD
binance,BNBBULLUSDT
binance,BNBBULLBUSD
binance,BNBBEARUSDT
binance,BNBBEARBUSD
binance,STPTBNB
binance,STPTBTC
binance,STPTUSDT
binance,BTCZAR
binance,ETHZAR
binance,BNBZAR
binance,USDTZAR
binance,BUSDZAR
binance,BTCBKRW
binance,ETHBKRW
binance,BNBBKRW
binance,WTCUSDT
binance,DATABUSD
binance,DATAUSDT
binance,XZCUSDT
binance,SOLBNB
binance,SOLBTC
binance,SOLUSDT
binance,SOLBUSD
binance,BTCIDRT
binance,BNBIDRT
binance,USDTIDRT
binance,BUSDIDRT
binance,CTSIBTC
binance,CTSIUSDT
binance,CTSIBNB
binance,CTSIBUSD
binance,HIVEBNB
binance,HIVEBTC
binance,HIVEUSDT
binance,CHRBNB
binance,CHRBTC
binance,CHRUSDT
binance,BTCUPUSDT
binance,BTCDOWNUSDT
binance,GXSUSDT
binance,ARDRUSDT
binance,ERDBUSD
binance,LENDUSDT
binance,HBARBUSD
binance,MATICBUSD
binance,WRXBUSD
binance,ZILBUSD
binance,MDTBNB
binance,MDTBTC
binance,MDTUSDT
binance,STMXBNB
binance,STMXBTC
binance,STMXETH
binance,STMXUSDT
binance,KNCBUSD
binance,KNCUSDT
binance,REPBUSD
binance,REPUSDT
binance,LRCBUSD
binance,LRCUSDT
binance,IQBNB
binance,IQBUSD
binance,PNTBTC
binance,PNTUSDT
binance,BTCGBP
binance,ETHGBP
binance,XRPGBP
binance,BNBGBP
binance,GBPBUSD
binance,DGBBNB
binance,DGBBTC
binance,DGBBUSD
binance,BTCUAH
binance,USDTUAH
binance,COMPBTC
binance,COMPBNB
binance,COMPBUSD
binance,COMPUSDT
binance,BTCBIDR
binance,ETHBIDR
binance,BNBBIDR
binance,BUSDBIDR
binance,USDTBIDR
binance,BKRWUSDT
binance,BKRWBUSD
binance,SCUSDT
binance,ZENUSDT
binance,SXPBTC
binance,SXPBNB
binance,SXPBUSD
binance,SNXBTC
binance,SNXBNB
binance,SNXBUSD
binance,SNXUSDT
binance,ETHUPUSDT
binance,ETHDOWNUSDT
binance,ADAUPUSDT
binance,ADADOWNUSDT
binance,LINKUPUSDT
binance,LINKDOWNUSDT
binance,VTHOBNB
binance,VTHOBUSD
binance,VTHOUSDT
binance,DCRBUSD
binance,DGBUSDT
binance,GBPUSDT
binance,STORJBUSD
binance,SXPUSDT
binance,IRISBNB
binance,IRISBTC
binance,IRISBUSD
binance,MKRBNB
binance,MKRBTC
binance,MKRUSDT
binance,MKRBUSD
binance,DAIBNB
binance,DAIBTC
binance,DAIUSDT
binance,DAIBUSD
binance,RUNEBNB
binance,RUNEBTC
binance,RUNEBUSD
binance,MANABUSD
binance,DOGEBUSD
binance,LENDBUSD
binance,ZRXBUSD
binance,DCRUSDT
binance,STORJUSDT
binance,XRPBKRW
binance,ADABKRW
binance,BTCAUD
binance,ETHAUD
binance,AUDBUSD
binance,FIOBNB
binance,FIOBTC
binance,FIOBUSD
binance,BNBUPUSDT
binance,BNBDOWNUSDT
binance,XTZUPUSDT
binance,XTZDOWNUSDT
binance,AVABNB
binance,AVABTC
binance,AVABUSD
binance,USDTBKRW
binance,BUSDBKRW
binance,IOTABUSD
binance,MANAUSDT
binance,XRPAUD
binance,BNBAUD
binance,AUDUSDT
binance,BALBNB
binance,BALBTC
binance,BALBUSD
binance,YFIBNB
binance,YFIBTC
binance,YFIBUSD
binance,YFIUSDT
binance,BLZBUSD
binance,KMDBUSD
binance,BALUSDT
binance,BLZUSDT
binance,IRISUSDT
binance,KMDUSDT
binance,BTCDAI
binance,ETHDAI
binance,BNBDAI
binance,USDTDAI
binance,BUSDDAI
binance,JSTBNB
binance,JSTBTC
binance,JSTBUSD
binance,JSTUSDT
binance,SRMBNB
binance,SRMBTC
binance,SRMBUSD
binance,SRMUSDT
binance,ANTBNB
binance,ANTBTC
binance,ANTBUSD
binance,ANTUSDT
binance,CRVBNB
binance,CRVBTC
binance,CRVBUSD
binance,CRVUSDT
binance,SANDBNB
binance,SANDBTC
binance,SANDUSDT
binance,SANDBUSD
binance,OCEANBNB
binance,OCEANBTC
binance,OCEANBUSD
binance,OCEANUSDT
binance,NMRBNB
binance,NMRBTC
binance,NMRBUSD
binance,NMRUSDT
binance,DOTBNB
binance,DOTBTC
binance,DOTBUSD
binance,DOTUSDT
binance,LUNABNB
binance,LUNABTC
binance,LUNABUSD
binance,LUNAUSDT
binance,IDEXBTC
binance,IDEXBUSD
binance,RSRBNB
binance,RSRBTC
binance,RSRBUSD
binance,RSRUSDT
binance,PAXGBNB
binance,PAXGBTC
binance,PAXGBUSD
binance,PAXGUSDT
binance,WNXMBNB
binance,WNXMBTC
binance,WNXMBUSD
binance,WNXMUSDT
binance,TRBBNB
binance,TRBBTC
binance,TRBBUSD
binance,TRBUSDT
binance,ETHNGN
binance,DOTBIDR
binance,LINKAUD
binance,SXPAUD
binance,BZRXBNB
binance,BZRXBTC
binance,BZRXBUSD
binance,BZRXUSDT
binance,WBTCBTC
binance,WBTCETH
binance,SUSHIBNB
binance,SUSHIBTC
binance,SUSHIBUSD
binance,SUSHIUSDT
binance,YFIIBNB
binance,YFIIBTC
binance,YFIIBUSD
binance,YFIIUSDT
binance,KSMBNB
binance,KSMBTC
binance,KSMBUSD
binance,KSMUSDT
binance,EGLDBNB
binance,EGLDBTC
binance,EGLDBUSD
binance,EGLDUSDT
binance,DIABNB
binance,DIABTC
binance,DIABUSD
binance,DIAUSDT
binance,RUNEUSDT
binance,FIOUSDT
binance,UMABTC
binance,UMAUSDT
binance,EOSUPUSDT
binance,EOSDOWNUSDT
binance,TRXUPUSDT
binance,TRXDOWNUSDT
binance,XRPUPUSDT
binance,XRPDOWNUSDT
binance,DOTUPUSDT
binance,DOTDOWNUSDT
binance,SRMBIDR
binance,ONEBIDR
binance,LINKTRY
binance,USDTNGN
binance,BELBNB
binance,BELBTC
binance,BELBUSD
binance,BELUSDT
binance,WINGBNB
binance,WINGBTC
binance,SWRVBNB
binance,SWRVBUSD
binance,WINGBUSD
binance,WINGUSDT
binance,LTCUPUSDT
binance,LTCDOWNUSDT
binance,LENDBKRW
binance,SXPEUR
binance,CREAMBNB
binance,CREAMBUSD
binance,UNIBNB
binance,UNIBTC
binance,UNIBUSD
binance,UNIUSDT
binance,NBSBTC
binance,NBSUSDT
binance,OXTBTC
binance,OXTUSDT
binance,SUNBTC
binance,SUNUSDT
binance,AVAXBNB
binance,AVAXBTC
binance,AVAXBUSD
binance,AVAXUSDT
binance,HNTBTC
binance,HNTUSDT
binance,BAKEBNB
binance,BURGERBNB
binance,SXPBIDR
binance,LINKBKRW
binance,FLMBNB
binance,FLMBTC
binance,FLMBUSD
binance,FLMUSDT
binance,SCRTBTC
binance,SCRTETH
binance,CAKEBNB
binance,CAKEBUSD
binance,SPARTABNB
binance,UNIUPUSDT
binance,UNIDOWNUSDT
binance,ORNBTC
binance,ORNUSDT
binance,TRXNGN
binance,SXPTRY
binance,UTKBTC
binance,UTKUSDT
binance,XVSBNB
binance,XVSBTC
binance,XVSBUSD
binance,XVSUSDT
binance,ALPHABNB
binance,ALPHABTC
binance,ALPHABUSD
binance,ALPHAUSDT
binance,VIDTBTC
binance,VIDTBUSD
binance,AAVEBNB
binance,BTCBRL
binance,USDTBRL
binance,AAVEBTC
binance,AAVEETH
binance,AAVEBUSD
binance,AAVEUSDT
binance,AAVEBKRW
binance,NEARBNB
binance,NEARBTC
binance,NEARBUSD
binance,NEARUSDT
binance,SXPUPUSDT
binance,SXPDOWNUSDT
binance,DOTBKRW
binance,SXPGBP
binance,FILBNB
binance,FILBTC
binance,FILBUSD
binance,FILUSDT
binance,FILUPUSDT
binance,FILDOWNUSDT
binance,YFIUPUSDT
binance,YFIDOWNUSDT
binance,INJBNB
binance,INJBTC
binance,INJBUSD
binance,INJUSDT
binance,AERGOBTC
binance,AERGOBUSD
binance,LINKEUR
binance,ONEBUSD
binance,EASYETH
binance,AUDIOBTC
binance,AUDIOBUSD
binance,AUDIOUSDT
binance,CTKBNB
binance,CTKBTC
binance,CTKBUSD
binance,CTKUSDT
binance,BCHUPUSDT
binance,BCHDOWNUSDT
binance,BOTBTC
binance,BOTBUSD
binance,ETHBRL
binance,DOTEUR
binance,AKROBTC
binance,AKROUSDT
binance,KP3RBNB
binance,KP3RBUSD
binance,AXSBNB
binance,AXSBTC
binance,AXSBUSD
binance,AXSUSDT
binance,HARDBNB
binance,HARDBTC
binance,HARDBUSD
binance,HARDUSDT
binance,BNBBRL
binance,LTCEUR
binance,RENBTCBTC
binance,RENBTCETH
binance,DNTBUSD
binance,DNTUSDT
binance,SLPETH
binance,ADAEUR
binance,LTCNGN
binance,CVPETH
binance,CVPBUSD
binance,STRAXBTC
binance,STRAXETH
binance,STRAXBUSD
binance,STRAXUSDT
binance,FORBTC
binance,FORBUSD
binance,UNFIBNB
binance,UNFIBTC
binance,UNFIBUSD
binance,UNFIUSDT
binance,FRONTETH
binance,FRONTBUSD
binance,BCHABUSD
binance,ROSEBTC
binance,ROSEBUSD
binance,ROSEUSDT
binance,AVAXTRY
binance,BUSDBRL
binance,AVAUSDT
binance,SYSBUSD
binance,XEMUSDT
binance,HEGICETH
binance,HEGICBUSD
binance,AAVEUPUSDT
binance,AAVEDOWNUSDT
binance,PROMBNB
binance,PROMBUSD
binance,XRPBRL
binance,XRPNGN
binance,SKLBTC
binance,SKLBUSD
binance,SKLUSDT
binance,BCHEUR
binance,YFIEUR
binance,ZILBIDR
binance,SUSDBTC
binance,SUSDETH
binance,SUSDUSDT
binance,COVERETH
binance,COVERBUSD
binance,GLMBTC
binance,GLMETH
binance,GHSTETH
binance,GHSTBUSD
binance,SUSHIUPUSDT
binance,SUSHIDOWNUSDT
binance,XLMUPUSDT
binance,XLMDOWNUSDT
binance,LINKBRL
binance,LINKNGN
binance,LTCRUB
binance,TRXTRY
binance,XLMEUR
binance,DFETH
binance,DFBUSD
binance,GRTBTC
binance,GRTETH
binance,GRTUSDT
binance,JUVBTC
binance,JUVBUSD
binance,JUVUSDT
binance,PSGBTC
binance,PSGBUSD
binance,PSGUSDT
binance,BUSDBVND
binance,USDTBVND
binance,1INCHBTC
binance,1INCHUSDT
binance,REEFBTC
binance,REEFUSDT
binance,OGBTC
binance,OGUSDT
binance,ATMBTC
binance,ATMUSDT
binance,ASRBTC
binance,ASRUSDT
binance,CELOBTC
binance,CELOUSDT
binance,RIFBTC
binance,RIFUSDT
binance,CHZTRY
binance,XLMTRY
binance,LINKGBP
binance,GRTEUR
binance,BTCSTBTC
binance,BTCSTBUSD
binance,BTCSTUSDT
binance,TRUBTC
binance,TRUBUSD
binance,TRUUSDT
binance,DEXEETH
binance,DEXEBUSD
binance,EOSEUR
binance,LTCBRL
binance,USDCBUSD
binance,TUSDBUSD
binance,PAXBUSD
binance,CKBBTC
binance,CKBBUSD
binance,CKBUSDT
binance,TWTBTC
binance,TWTBUSD
binance,TWTUSDT
binance,FIROBTC
binance,FIROETH
binance,FIROUSDT
binance,BETHETH
binance,DOGEEUR
binance,DOGETRY
binance,DOGEAUD
binance,DOGEBRL
binance,DOTNGN
binance,PROSETH
binance,LITBTC
binance,LITBUSD
binance,LITUSDT
binance,BTCVAI
binance,BUSDVAI
binance,SFPBTC
binance,SFPBUSD
binance,SFPUSDT
binance,DOGEGBP
binance,DOTTRY
binance,FXSBTC
binance,FXSBUSD
binance,DODOBTC
binance,DODOBUSD
binance,DODOUSDT
binance,FRONTBTC
binance,EASYBTC
binance,CAKEBTC
binance,CAKEUSDT
binance,BAKEBUSD
binance,UFTETH
binance,UFTBUSD
binance,1INCHBUSD
binance,BANDBUSD
binance,GRTBUSD
binance,IOSTBUSD
binance,OMGBUSD
binance,REEFBUSD
binance,ACMBTC
binance,ACMBUSD
binance,ACMUSDT
binance,AUCTIONBTC
binance,AUCTIONBUSD
binance,PHABTC
binance,PHABUSD
binance,DOTGBP
binance,ADATRY
binance,ADABRL
binance,ADAGBP
binance,TVKBTC
binance,TVKBUSD
binance,BADGERBTC
binance,BADGERBUSD
binance,BADGERUSDT
binance,FISBTC
binance,FISBUSD
binance,FISUSDT
binance,DOTBRL
binance,ADAAUD
binance,HOTTRY
binance,EGLDEUR
binance,OMBTC
binance,OMBUSD
binance,OMUSDT
binance,PONDBTC
binance,PONDBUSD
binance,PONDUSDT
binance,DEGOBTC
binance,DEGOBUSD
binance,DEGOUSDT
binance,AVAXEUR
binance,BTTTRY
binance,CHZBRL
binance,UNIEUR
binance,ALICEBTC
binance,ALICEBUSD
binance,ALICEUSDT
binance,CHZBUSD
binance,CHZEUR
binance,CHZGBP
binance,BIFIBNB
binance,BIFIBUSD
binance,LINABTC
binance,LINABUSD
binance,LINAUSDT
binance,ADARUB
binance,ENJBRL
binance,ENJEUR
binance,MATICEUR
binance,NEOTRY
binance,PERPBTC
binance,PERPBUSD
binance,PERPUSDT
binance,RAMPBTC
binance,RAMPBUSD
binance,RAMPUSDT
binance,SUPERBTC
binance,SUPERBUSD
binance,SUPERUSDT
bitfinex,AAABBB
bitfinex,AAVE:USD
bitfinex,AAVE:UST
bitfinex,ADABTC
bitfinex,ADAUSD
bitfinex,ADAUST
bitfinex,ALBT:USD
bitfinex,ALBT:UST
bitfinex,ALGBTC
bitfinex,ALGUSD
bitfinex,ALGUST
bitfinex,AMPBTC
bitfinex,AMPUSD
bitfinex,AMPUST
bitfinex,ANTBTC
bitfinex,ANTETH
bitfinex,ANTUSD
bitfinex,ASTUSD
bitfinex,ATOBTC
bitfinex,ATOETH
bitfinex,ATOUSD
bitfinex,AVAX:USD
bitfinex,AVAX:UST
bitfinex,AVTUSD
bitfinex,B21X:USD
bitfinex,B21X:UST
bitfinex,BALUSD
bitfinex,BALUST
bitfinex,BAND:USD
bitfinex,BAND:UST
bitfinex,BATBTC
bitfinex,BATETH
bitfinex,BATUSD
bitfinex,BCHABC:USD
bitfinex,BCHN:USD
bitfinex,BEST:USD
bitfinex,BFTUSD
bitfinex,BNTUSD
bitfinex,BOXUSD
bitfinex,BSVBTC
bitfinex,BSVUSD
bitfinex,BTC:CNHT
bitfinex,BTCEUR
bitfinex,BTCGBP
bitfinex,BTCJPY
bitfinex,BTCUSD
bitfinex,BTCUST
bitfinex,BTCXCH
bitfinex,BTGBTC
bitfinex,BTGUSD
bitfinex,BTSE:USD
bitfinex,BTTUSD
bitfinex,CELUSD
bitfinex,CELUST
bitfinex,CHZUSD
bitfinex,CHZUST
bitfinex,CLOUSD
bitfinex,CNDUSD
bitfinex,CNH:CNHT
bitfinex,COMP:USD
bitfinex,COMP:UST
bitfinex,CTKUSD
bitfinex,CTKUST
bitfinex,CTXUSD
bitfinex,DAIBTC
bitfinex,DAIETH
bitfinex,DAIUSD
bitfinex,DAPP:USD
bitfinex,DAPP:UST
bitfinex,DATBTC
bitfinex,DATUSD
bitfinex,DGBUSD
bitfinex,DGXUSD
bitfinex,DOGBTC
bitfinex,DOGUSD
bitfinex,DOGUST
bitfinex,DOTBTC
bitfinex,DOTUSD
bitfinex,DOTUST
bitfinex,DRNUSD
bitfinex,DSHBTC
bitfinex,DSHUSD
bitfinex,DTAUSD
bitfinex,DTXUSD
bitfinex,DUSK:BTC
bitfinex,DUSK:USD
bitfinex,EDOBTC
bitfinex,EDOETH
bitfinex,EDOUSD
bitfinex,EGLD:USD
bitfinex,EGLD:UST
bitfinex,ENJUSD
bitfinex,EOSBTC
bitfinex,EOSDT:USD
bitfinex,EOSDT:UST
bitfinex,EOSETH
bitfinex,EOSEUR
bitfinex,EOSGBP
bitfinex,EOSJPY
bitfinex,EOSUSD
bitfinex,EOSUST
bitfinex,ESSUSD
bitfinex,ETCBTC
bitfinex,ETCUSD
bitfinex,ETH2X:ETH
bitfinex,ETH2X:USD
bitfinex,ETH2X:UST
bitfinex,ETHBTC
bitfinex,ETHEUR
bitfinex,ETHGBP
bitfinex,ETHJPY
bitfinex,ETHUSD
bitfinex,ETHUST
bitfinex,ETPBTC
bitfinex,ETPETH
bitfinex,ETPUSD
bitfinex,EUSBTC
bitfinex,EUSUSD
bitfinex,EUTEUR
bitfinex,EUTUSD
bitfinex,EUTUST
bitfinex,EXRD:BTC
bitfinex,EXRD:USD
bitfinex,FETUSD
bitfinex,FETUST
bitfinex,FILUSD
bitfinex,FILUST
bitfinex,FTTUSD
bitfinex,FTTUST
bitfinex,FUNUSD
bitfinex,GENUSD
bitfinex,GNOUSD
bitfinex,GNTBTC
bitfinex,GNTETH
bitfinex,GNTUSD
bitfinex,GOTEUR
bitfinex,GOTUSD
bitfinex,GTXUSD
bitfinex,GTXUST
bitfinex,HEZUSD
bitfinex,HEZUST
bitfinex,HOTUSD
bitfinex,IOSUSD
bitfinex,IOTBTC
bitfinex,IOTETH
bitfinex,IOTEUR
bitfinex,IOTGBP
bitfinex,IOTJPY
bitfinex,IOTUSD
bitfinex,IQXUSD
bitfinex,IQXUST
bitfinex,JSTBTC
bitfinex,JSTUSD
bitfinex,JSTUST
bitfinex,KANUSD
bitfinex,KANUST
bitfinex,KNCBTC
bitfinex,KNCUSD
bitfinex,KSMUSD
bitfinex,KSMUST
bitfinex,LEOBTC
bitfinex,LEOEOS
bitfinex,LEOETH
bitfinex,LEOUSD
bitfinex,LEOUST
bitfinex,LINK:USD
bitfinex,LINK:UST
bitfinex,LRCBTC
bitfinex,LRCUSD
bitfinex,LTCBTC
bitfinex,LTCUSD
bitfinex,LTCUST
bitfinex,LYMUSD
bitfinex,MANUSD
bitfinex,MGOUSD
bitfinex,MKRBTC
bitfinex,MKRETH
bitfinex,MKRUSD
bitfinex,MLNUSD
bitfinex,MNABTC
bitfinex,MNAUSD
bitfinex,MTNUSD
bitfinex,NCAUSD
bitfinex,NECETH
bitfinex,NECUSD
bitfinex,NEOBTC
bitfinex,NEOETH
bitfinex,NEOEUR
bitfinex,NEOGBP
bitfinex,NEOJPY
bitfinex,NEOUSD
bitfinex,NUTUSD
bitfinex,NUTUST
bitfinex,ODEUSD
bitfinex,OKBUSD
bitfinex,OKBUST
bitfinex,OMGBTC
bitfinex,OMGETH
bitfinex,OMGUSD
bitfinex,OMNBTC
bitfinex,OMNUSD
bitfinex,ONLUSD
bitfinex,ORSUSD
bitfinex,PASUSD
bitfinex,PAXUSD
bitfinex,PAXUST
bitfinex,PLUUSD
bitfinex,PNKETH
bitfinex,PNKUSD
bitfinex,POAUSD
bitfinex,QSHUSD
bitfinex,QTMBTC
bitfinex,QTMUSD
bitfinex,RBTBTC
bitfinex,RBTUSD
bitfinex,RCNUSD
bitfinex,REPBTC
bitfinex,REPUSD
bitfinex,REQUSD
bitfinex,RIFUSD
bitfinex,RINGX:USD
bitfinex,RRBUSD
bitfinex,RRBUST
bitfinex,RRTUSD
bitfinex,SANBTC
bitfinex,SANETH
bitfinex,SANUSD
bitfinex,SNGUSD
bitfinex,SNTUSD
bitfinex,SNXUSD
bitfinex,SNXUST
bitfinex,SOLUSD
bitfinex,SOLUST
bitfinex,STJUSD
bitfinex,SUKU:USD
bitfinex,SUKU:UST
bitfinex,SUNUSD
bitfinex,SUNUST
bitfinex,SUSHI:USD
bitfinex,SUSHI:UST
bitfinex,SWMUSD
bitfinex,TESTBTC:TESTUSD
bitfinex,TESTBTC:TESTUSDT
bitfinex,TKNUSD
bitfinex,TRIUSD
bitfinex,TRXBTC
bitfinex,TRXETH
bitfinex,TRXEUR
bitfinex,TRXUSD
bitfinex,TSDUSD
bitfinex,TSDUST
bitfinex,UDCUSD
bitfinex,UDCUST
bitfinex,UNIUSD
bitfinex,UNIUST
bitfinex,UOPUSD
bitfinex,UOPUST
bitfinex,UOSBTC
bitfinex,UOSUSD
bitfinex,USKUSD
bitfinex,UST:CNHT
bitfinex,USTUSD
bitfinex,UTKUSD
bitfinex,VEEUSD
bitfinex,VETBTC
bitfinex,VETUSD
bitfinex,VSYBTC
bitfinex,VSYUSD
bitfinex,WAXUSD
bitfinex,WBTETH
bitfinex,WBTUSD
bitfinex,WPRUSD
bitfinex,WTCUSD
bitfinex,XAUT:BTC
bitfinex,XAUT:USD
bitfinex,XAUT:UST
bitfinex,XCHETH
bitfinex,XCHUSD
bitfinex,XDCUSD
bitfinex,XDCUST
bitfinex,XLMBTC
bitfinex,XLMETH
bitfinex,XLMUSD
bitfinex,XLMUST
bitfinex,XMRBTC
bitfinex,XMRUSD
bitfinex,XMRUST
bitfinex,XRAUSD
bitfinex,XRPBTC
bitfinex,XRPUSD
bitfinex,XRPUST
bitfinex,XSNUSD
bitfinex,XTZBTC
bitfinex,XTZUSD
bitfinex,XVGUSD
bitfinex,YFIUSD
bitfinex,YFIUST
bitfinex,YGGUSD
bitfinex,YYWUSD
bitfinex,ZBTUSD
bitfinex,ZCNUSD
bitfinex,ZECBTC
bitfinex,ZECUSD
bitfinex,ZILBTC
bitfinex,ZILUSD
bitfinex,ZRXBTC
bitfinex,ZRXETH
bitfinex,ZRXUSD
hbtc,BTCUSDT
hbtc,ETHBTC
hbtc,ETHUSDT
hbtc,ETCUSDT
hbtc,EOSUSDT
hbtc,LTCUSDT
hbtc,ETCBTC
hbtc,EOSBTC
hbtc,LTCBTC
hbtc,BEAMUSDT
hbtc,BCHUSDT
hbtc,BTMUSDT
hbtc,XRPUSDT
hbtc,LAMBUSDT
hbtc,BHDUSDT
hbtc,ALGOUSDT
hbtc,ALGOBTC
hbtc,BCHBTC
hbtc,BTMBTC
hbtc,XRPBTC
hbtc,QTUMUSDT
hbtc,QTUMBTC
hbtc,TRXUSDT
hbtc,TRXBTC
hbtc,HTUSDT
hbtc,HTBTC
hbtc,HPTBTC
hbtc,HPTUSDT
hbtc,BUTUSDT
hbtc,ONGBTC
hbtc,ONGUSDT
hbtc,ONTBTC
hbtc,ONTUSDT
hbtc,ALGOETH
hbtc,BTMETH
hbtc,EOSETH
hbtc,LTCETH
hbtc,QTUMETH
hbtc,TRXETH
hbtc,XRPETH
